,ce1-Ex7-In4-Ex5-Ex4-In1,ce2-Oligo-Endo,ce3-Micro-OPC,ce4-In3-In2-Astro,ce5-In6-Ex2,ce6-Ex8-Ex6,ce7-In7-Ex3,ce8-In5,ce9-In8,ce10-Ex1
eigenvalues,3.2686805777381243,2.549259089918986,2.517568718272763,1.8093558459328258,1.7820875319138054,1.7140519937419614,1.3577070778588485,1.1490693361972648,1.069271561835967,1.0383424932535996
prop_variance,0.15565145608276781,0.1213932899961422,0.11988422467965537,0.08615980218727742,0.08486131104351455,0.08162152351152197,0.0646527179932785,0.05471758743796499,0.05091769342076033,0.04944488063112379
cum_variance,0.15565145608276781,0.27704474607891,0.39692897075856537,0.4830887729458428,0.5679500839893573,0.6495716075008793,0.7142243254941578,0.7689419129321228,0.8198596063528831,0.869304486984007
