,ce1-Ex7-In4-Ex5-Ex4-In1,ce2-Oligo-Endo,ce3-Micro-OPC,ce4-In3-In2-Astro,ce5-In6-Ex2,ce6-Ex8-Ex6,ce7-In7-Ex3,ce8-In5,ce9-In8,ce10-Ex1
eigenvalues,3.268680635808862,2.549259067780622,2.5175687450443247,1.809355869658426,1.7820875408985644,1.714051953337762,1.3577070497979014,1.149069347396636,1.0692715600092968,1.0383424818176408
prop_variance,0.15565145884804105,0.1213932889419344,0.11988422595449165,0.0861598033170679,0.08486131147136021,0.08162152158751249,0.06465271665704292,0.05471758797126838,0.050917693333776035,0.04944488008655432
cum_variance,0.15565145884804105,0.27704474778997545,0.3969289737444671,0.483088777061535,0.5679500885328952,0.6495716101204076,0.7142243267774506,0.768941914748719,0.819859608082495,0.8693044881690494
