,ni1-SV2A-M1-mGluR5-5HT6-CB1-GABAa-HDAC,ni2-5HT2a-5HT4-5HT1a-5HTT,ni3-FDOPA-DAT-D1-NMDA,ni4-GI-5HT1b-MU-A4B2,ni5-VAChT-NET,ni6-CBF-CMRglu,ni7-COX1,ni8-H3,ni9-D2,ni10-TSPO
eigenvalues,5.354676147744387,4.020665408339134,4.019465184410145,2.8140699010725654,1.8711079242155648,1.798285112526442,1.775083997713895,1.2017461427535532,1.0697073244361004,0.621969264582669
prop_variance,0.19832133880534766,0.14891353364219015,0.14886908090407946,0.10422481115083576,0.06930029348946537,0.06660315231579415,0.0657438517671813,0.04450911639827975,0.039618789793929646,0.023035898688247
cum_variance,0.19832133880534766,0.3472348724475378,0.4961039533516173,0.6003287645024531,0.6696290579919184,0.7362322103077126,0.8019760620748939,0.8464851784731736,0.8861039682671032,0.9091398669553502
